id,epic,title,priority,status,source
V1-ST-001,EPIC-01 Foundation & Canonical,Canonical docs,P1,implemented,docs/canonical/v1/delivery/MASTER_BACKLOG_V1.md
V1-ST-002,EPIC-01 Foundation & Canonical,Feature flags,P1,implemented,docs/canonical/v1/delivery/MASTER_BACKLOG_V1.md
V1-ST-003,EPIC-01 Foundation & Canonical,Auth/tenant active,P1,implemented-runtime-partial-browser-e2e-pending,docs/canonical/v1/delivery/MASTER_BACKLOG_V1.md
V1-ST-004,EPIC-01 Foundation & Canonical,Cross-tenant RLS,P1,implemented-runtime-verified,docs/canonical/v1/delivery/MASTER_BACKLOG_V1.md
V1-ST-005,EPIC-01 Foundation & Canonical,Consent purposes,P1,implemented-legal-ux-pending,docs/canonical/v1/delivery/MASTER_BACKLOG_V1.md
V1-ST-006,EPIC-02 Business Passport,Business facts/provenance,P1,implemented,docs/canonical/v1/delivery/MASTER_BACKLOG_V1.md
V1-ST-007,EPIC-02 Business Passport,Timeline,P1,implemented,docs/canonical/v1/delivery/MASTER_BACKLOG_V1.md
V1-ST-008,EPIC-02 Business Passport,Passport UI,P1,implemented,docs/canonical/v1/delivery/MASTER_BACKLOG_V1.md
V1-ST-009,EPIC-02 Business Passport,Progressive profiling,P1,partial,docs/canonical/v1/delivery/MASTER_BACKLOG_V1.md
V1-ST-010,EPIC-03 Diagnostic,Question bank/versioning,P1,implemented,docs/canonical/v1/delivery/MASTER_BACKLOG_V1.md
V1-ST-011,EPIC-03 Diagnostic,Applicability/branching,P1,partial-methodology-pending,docs/canonical/v1/delivery/MASTER_BACKLOG_V1.md
V1-ST-012,EPIC-03 Diagnostic,Session/autosave/resume,P1,implemented,docs/canonical/v1/delivery/MASTER_BACKLOG_V1.md
V1-ST-013,EPIC-03 Diagnostic,Rules Engine,P1,implemented,docs/canonical/v1/delivery/MASTER_BACKLOG_V1.md
V1-ST-014,EPIC-03 Diagnostic,Result/pain/evidence,P1,implemented-foundation,docs/canonical/v1/delivery/MASTER_BACKLOG_V1.md
V1-ST-015,EPIC-04 Decision/GDS,Pain Finding,P1,implemented,docs/canonical/v1/delivery/MASTER_BACKLOG_V1.md
V1-ST-016,EPIC-04 Decision/GDS,Cause hypotheses,P1,implemented-schema,docs/canonical/v1/delivery/MASTER_BACKLOG_V1.md
V1-ST-017,EPIC-04 Decision/GDS,Decision Record/GDS,P1,implemented,docs/canonical/v1/delivery/MASTER_BACKLOG_V1.md
V1-ST-018,EPIC-05 Mission,Mission Library,P1,partial-library,docs/canonical/v1/delivery/MASTER_BACKLOG_V1.md
V1-ST-019,EPIC-05 Mission,State machine,P1,implemented,docs/canonical/v1/delivery/MASTER_BACKLOG_V1.md
V1-ST-020,EPIC-05 Mission,Evidence,P1,implemented,docs/canonical/v1/delivery/MASTER_BACKLOG_V1.md
V1-ST-021,EPIC-05 Mission,Outcomes,P1,implemented,docs/canonical/v1/delivery/MASTER_BACKLOG_V1.md
V1-ST-022,EPIC-05 Mission,Gamification,P1,partial,docs/canonical/v1/delivery/MASTER_BACKLOG_V1.md
V1-ST-023,EPIC-06 Qualification,Pain->capability taxonomy,P1,pending-methodology,docs/canonical/v1/delivery/MASTER_BACKLOG_V1.md
V1-ST-024,EPIC-06 Qualification,Provider capabilities,P1,implemented-schema,docs/canonical/v1/delivery/MASTER_BACKLOG_V1.md
V1-ST-025,EPIC-06 Qualification,Qualification/recertification,P1,pending-methodology,docs/canonical/v1/delivery/MASTER_BACKLOG_V1.md
V1-ST-026,EPIC-06 Qualification,Entitlements,P1,implemented-policy-pending,docs/canonical/v1/delivery/MASTER_BACKLOG_V1.md
V1-ST-027,EPIC-06 Qualification,Eligibility,P1,implemented,docs/canonical/v1/delivery/MASTER_BACKLOG_V1.md
V1-ST-028,EPIC-06 Qualification,Neutral ranking,P1,implemented,docs/canonical/v1/delivery/MASTER_BACKLOG_V1.md
V1-ST-029,EPIC-06 Qualification,Qualified solution UI,P1,implemented,docs/canonical/v1/delivery/MASTER_BACKLOG_V1.md
V1-ST-030,EPIC-06 Qualification,Consented contact/attribution,P1,partial-contact-implemented-attribution-pending,docs/canonical/v1/delivery/MASTER_BACKLOG_V1.md
V1-ST-031,EPIC-07 Agentic,Runtime spike,P1,spike-scaffolded-not-run,docs/canonical/v1/delivery/MASTER_BACKLOG_V1.md
V1-ST-032,EPIC-07 Agentic,Context assembly,P1,partial,docs/canonical/v1/delivery/MASTER_BACKLOG_V1.md
V1-ST-033,EPIC-07 Agentic,Council routing,P1,pending,docs/canonical/v1/delivery/MASTER_BACKLOG_V1.md
V1-ST-034,EPIC-07 Agentic,Tool contracts,P1,partial-read-tools,docs/canonical/v1/delivery/MASTER_BACKLOG_V1.md
V1-ST-035,EPIC-07 Agentic,Budgets/fallback/kill switch,P1,pending,docs/canonical/v1/delivery/MASTER_BACKLOG_V1.md
V1-ST-036,EPIC-07 Agentic,Golden set/evals,P1,seeded-not-run,docs/canonical/v1/delivery/MASTER_BACKLOG_V1.md
V1-ST-037,EPIC-08 Ecosystem,Ecosystem membership,P1,pending,docs/canonical/v1/delivery/MASTER_BACKLOG_V1.md
V1-ST-038,EPIC-08 Ecosystem,Institutional branding,P1,pending,docs/canonical/v1/delivery/MASTER_BACKLOG_V1.md
V1-ST-039,EPIC-08 Ecosystem,Aggregated dashboard,P1,pending,docs/canonical/v1/delivery/MASTER_BACKLOG_V1.md
V1-ST-040,EPIC-09 Trust/Data/Admin,Admin/rules/qualification,P1,pending,docs/canonical/v1/delivery/MASTER_BACKLOG_V1.md
V1-ST-041,EPIC-09 Trust/Data/Admin,Audit/correlation,P1,partial,docs/canonical/v1/delivery/MASTER_BACKLOG_V1.md
V1-ST-042,EPIC-09 Trust/Data/Admin,LGPD lifecycle,P1,partial,docs/canonical/v1/delivery/MASTER_BACKLOG_V1.md
V1-ST-043,EPIC-09 Trust/Data/Admin,Data quality/provenance,P1,implemented-foundation,docs/canonical/v1/delivery/MASTER_BACKLOG_V1.md
V1-ST-044,EPIC-09 Trust/Data/Admin,Benchmark guardrails,P1,pending,docs/canonical/v1/delivery/MASTER_BACKLOG_V1.md
V1-ST-045,EPIC-10 Production,Observability,P1,pending,docs/canonical/v1/delivery/MASTER_BACKLOG_V1.md
V1-ST-046,EPIC-10 Production,Backup/restore/rollback,P1,pending-blocker,docs/canonical/v1/delivery/MASTER_BACKLOG_V1.md
V1-ST-047,EPIC-10 Production,Security/supply-chain,P1,partial,docs/canonical/v1/delivery/MASTER_BACKLOG_V1.md
V1-ST-048,EPIC-10 Production,CI/CD/environments,P1,baseline-existing,docs/canonical/v1/delivery/MASTER_BACKLOG_V1.md
V1-ST-049,EPIC-10 Production,Performance/a11y,P1,partial,docs/canonical/v1/delivery/MASTER_BACKLOG_V1.md
V1-ST-050,EPIC-10 Production,FinOps,P1,docs-only,docs/canonical/v1/delivery/MASTER_BACKLOG_V1.md
V1-ST-051,EPIC-10 Production,E2E,P1,partial-db-e2e-browser-pending,docs/canonical/v1/delivery/MASTER_BACKLOG_V1.md
V1-ST-052,EPIC-10 Production,Production Readiness Review,P1,pending-blocker,docs/canonical/v1/delivery/MASTER_BACKLOG_V1.md
V1-ST-053,EPIC-11 UX Light / Taste,Light theme migration,P0,implemented,docs/canonical/v1/delivery/MASTER_BACKLOG_V1.md
V1-ST-054,EPIC-11 UX Light / Taste,Topbar + Context Sidebar,P0,implemented,docs/canonical/v1/delivery/MASTER_BACKLOG_V1.md
V1-ST-055,EPIC-11 UX Light / Taste,Manager Dashboard,P0,implemented,docs/canonical/v1/delivery/MASTER_BACKLOG_V1.md
V1-ST-056,EPIC-11 UX Light / Taste,Product empty/error/loading states,P0,partial,docs/canonical/v1/delivery/MASTER_BACKLOG_V1.md
V1-ST-057,EPIC-11 UX Light / Taste,Accessibility visual gate,P0,runtime-pending,docs/canonical/v1/delivery/MASTER_BACKLOG_V1.md
V1-ST-058,EPIC-11 UX Light / Taste,Motion system,P1,partial,docs/canonical/v1/delivery/MASTER_BACKLOG_V1.md
V1-ST-059,EPIC-11 UX Light / Taste,Visual regression,P1,pending,docs/canonical/v1/delivery/MASTER_BACKLOG_V1.md
V1-ST-060,EPIC-12 Product Flow Completion,GDS -> Mission creation,P0,implemented,docs/canonical/v1/delivery/MASTER_BACKLOG_V1.md
V1-ST-061,EPIC-12 Product Flow Completion,Mission -> Capability recommendation,P0,implemented-taxonomy-pending,docs/canonical/v1/delivery/MASTER_BACKLOG_V1.md
V1-ST-062,EPIC-12 Product Flow Completion,Qualified provider search API,P0,implemented-fail-closed,docs/canonical/v1/delivery/MASTER_BACKLOG_V1.md
V1-ST-063,EPIC-12 Product Flow Completion,Contact consent workflow,P0,implemented-legal-copy-pending,docs/canonical/v1/delivery/MASTER_BACKLOG_V1.md
V1-ST-064,EPIC-12 Product Flow Completion,Outcome closes Passport/Timeline loop,P0,implemented-timeline-passport-explicit-only,docs/canonical/v1/delivery/MASTER_BACKLOG_V1.md
V1-ST-065,EPIC-13 — Foundation Acceleration / Selective OSS,Private RLS helper + explicit grants,P0,implemented,docs/canonical/v1/delivery/MASTER_BACKLOG_V1.md
V1-ST-066,EPIC-13 — Foundation Acceleration / Selective OSS,Cross-tenant pgTAP harness,P0,implemented-runtime-verified,docs/canonical/v1/delivery/MASTER_BACKLOG_V1.md
V1-ST-067,EPIC-13 — Foundation Acceleration / Selective OSS,Evidence Ledger,P0,implemented,docs/canonical/v1/delivery/MASTER_BACKLOG_V1.md
V1-ST-068,EPIC-13 — Foundation Acceleration / Selective OSS,Durable event outbox,P1,implemented,docs/canonical/v1/delivery/MASTER_BACKLOG_V1.md
V1-ST-069,EPIC-13 — Foundation Acceleration / Selective OSS,Trusted server write boundary,P0,implemented,docs/canonical/v1/delivery/MASTER_BACKLOG_V1.md
V1-ST-070,EPIC-13 — Foundation Acceleration / Selective OSS,Pydantic AI Slim spike,P1,spike-scaffolded-not-run,docs/canonical/v1/delivery/MASTER_BACKLOG_V1.md
V1-ST-071,EPIC-13 — Foundation Acceleration / Selective OSS,Curated DevSecOps skill gates,P1,implemented,docs/canonical/v1/delivery/MASTER_BACKLOG_V1.md
V1-ST-072,EPIC-13 — Foundation Acceleration / Selective OSS,Provider Network Policy:** IMPLEMENTED; threshold permanece PEND-003.,P1,implemented-threshold-pending,docs/canonical/v1/delivery/MASTER_BACKLOG_V1.md
V1-ST-073,EPIC-13 — Foundation Acceleration / Selective OSS,Subscription/Plan Gate:** IMPLEMENTED; provider plans permanecem PEND-004.,P1,implemented-plan-decision-pending,docs/canonical/v1/delivery/MASTER_BACKLOG_V1.md
V1-ST-074,EPIC-13 — Foundation Acceleration / Selective OSS,Cross-Tenant Sanitized Matching:** IMPLEMENTED.,P1,implemented,docs/canonical/v1/delivery/MASTER_BACKLOG_V1.md
V1-ST-075,EPIC-13 — Foundation Acceleration / Selective OSS,Outbox Completion/Retry:** IMPLEMENTED.,P1,implemented,docs/canonical/v1/delivery/MASTER_BACKLOG_V1.md
V1-ST-076,EPIC-13 — Foundation Acceleration / Selective OSS,Minimal Agentic Baseline:** IMPLEMENTED for comparison.,P1,implemented,docs/canonical/v1/delivery/MASTER_BACKLOG_V1.md
V1-ST-077,EPIC-14/15 Wave 7,Question metadata/purpose/applicability,P1,implemented-by-contract,docs/canonical/v1/delivery/MASTER_BACKLOG_V1.md
V1-ST-078,EPIC-14/15 Wave 7,Stable 24-anchor score,P1,implemented-by-contract,docs/canonical/v1/delivery/MASTER_BACKLOG_V1.md
V1-ST-079,EPIC-14/15 Wave 7,31-question high-yield starter path,P1,implemented-by-contract,docs/canonical/v1/delivery/MASTER_BACKLOG_V1.md
V1-ST-080,EPIC-14/15 Wave 7,Adaptive follow-up selector,P1,implemented-by-contract,docs/canonical/v1/delivery/MASTER_BACKLOG_V1.md
V1-ST-081,EPIC-14/15 Wave 7,Progress Engine,P1,implemented-by-contract,docs/canonical/v1/delivery/MASTER_BACKLOG_V1.md
V1-ST-082,EPIC-14/15 Wave 7,Confidence Thermometer,P1,implemented-by-contract,docs/canonical/v1/delivery/MASTER_BACKLOG_V1.md
V1-ST-083,EPIC-14/15 Wave 7,Structured information slots,P1,implemented-foundation,docs/canonical/v1/delivery/MASTER_BACKLOG_V1.md
V1-ST-084,EPIC-14/15 Wave 7,Unknown/N.A./Deferred semantics,P1,implemented-by-contract,docs/canonical/v1/delivery/MASTER_BACKLOG_V1.md
V1-ST-085,EPIC-14/15 Wave 7,Diagnostic resume/idempotent draft,P1,implemented-by-contract,docs/canonical/v1/delivery/MASTER_BACKLOG_V1.md
V1-ST-086,EPIC-14/15 Wave 7,Sector/trait applicability calibration,P1,calibration-pending,docs/canonical/v1/delivery/MASTER_BACKLOG_V1.md
V1-ST-087,EPIC-14/15 Wave 7,Versioned attestation model,P1,implemented-by-contract,docs/canonical/v1/delivery/MASTER_BACKLOG_V1.md
V1-ST-088,EPIC-14/15 Wave 7,Auditable acceptance event,P1,implemented-by-contract,docs/canonical/v1/delivery/MASTER_BACKLOG_V1.md
V1-ST-089,EPIC-14/15 Wave 7,Governed upload session,P1,implemented-foundation,docs/canonical/v1/delivery/MASTER_BACKLOG_V1.md
V1-ST-090,EPIC-14/15 Wave 7,Copyright/confidentiality/IP warning,P1,draft-copy,docs/canonical/v1/delivery/MASTER_BACKLOG_V1.md
V1-ST-091,EPIC-14/15 Wave 7,GENESIS responsibility disclaimer,P1,draft-copy,docs/canonical/v1/delivery/MASTER_BACKLOG_V1.md
V1-ST-092,EPIC-14/15 Wave 7,Legal/privacy review,P0,p0-blocker,docs/canonical/v1/delivery/MASTER_BACKLOG_V1.md
V1-ST-093,EPIC-14/15 Wave 7,Binary upload security pipeline,P0,p0-blocker,docs/canonical/v1/delivery/MASTER_BACKLOG_V1.md
V1-ST-094,EPIC-16 Genesis Precision Light,Portable Design System package,P1,implemented,docs/canonical/v1/delivery/MASTER_BACKLOG_V1.md
V1-ST-095,EPIC-16 Genesis Precision Light,Route-aware contextual navigation,P1,implemented,docs/canonical/v1/delivery/MASTER_BACKLOG_V1.md
V1-ST-096,EPIC-16 Genesis Precision Light,Functional mobile drawer,P1,implemented-static-verified,docs/canonical/v1/delivery/MASTER_BACKLOG_V1.md
V1-ST-097,EPIC-16 Genesis Precision Light,Executive Home redesign,P1,implemented,docs/canonical/v1/delivery/MASTER_BACKLOG_V1.md
V1-ST-098,EPIC-16 Genesis Precision Light,Focused Diagnostic redesign,P1,implemented,docs/canonical/v1/delivery/MASTER_BACKLOG_V1.md
V1-ST-099,EPIC-16 Genesis Precision Light,Interpretation-first Result redesign,P1,implemented,docs/canonical/v1/delivery/MASTER_BACKLOG_V1.md
V1-ST-100,EPIC-16 Genesis Precision Light,Accessibility/contrast static gate,P1,implemented,docs/canonical/v1/delivery/MASTER_BACKLOG_V1.md
V1-ST-101,EPIC-16 Genesis Precision Light,Browser visual/accessibility validation,P0,completed-local-critical-flows,docs/canonical/v1/delivery/MASTER_BACKLOG_V1.md
V1-ST-102,EPIC-16 Genesis Precision Light,Visual regression baseline,P1,partial-local-baseline-full-suite-pending,docs/canonical/v1/delivery/MASTER_BACKLOG_V1.md
V1-ST-103,EPIC-16 Genesis Precision Light,Remaining surface migration,P1,p1-after-canonical-approval,docs/canonical/v1/delivery/MASTER_BACKLOG_V1.md
V1-ST-104,EPIC-17 Production Readiness & Repository,Bootstrap do novo repositório GitHub,P0,planned-production,docs/canonical/v1/delivery/STORIES_MASTER.md
V1-ST-105,EPIC-17 Production Readiness & Repository,Bootstrap limpo das migrations 0001→0023,P0,completed-local-runtime,docs/canonical/v1/delivery/STORIES_MASTER.md
V1-ST-106,EPIC-17 Production Readiness & Repository,Executar pgTAP tenancy/RBAC/governance completo,P0,completed-local-runtime,docs/canonical/v1/delivery/STORIES_MASTER.md
V1-ST-107,EPIC-17 Production Readiness & Repository,Full lint + TypeScript 6 + Vitest + Next build,P0,completed-local-runtime,docs/canonical/v1/delivery/STORIES_MASTER.md
V1-ST-108,EPIC-17 Production Readiness & Repository,E2E browser do happy path empresarial,P0,completed-local-runtime,docs/canonical/v1/delivery/STORIES_MASTER.md
V1-ST-109,EPIC-17 Production Readiness & Repository,E2E adversarial cross-tenant e permissions,P0,completed-local-runtime,docs/canonical/v1/delivery/STORIES_MASTER.md
V1-ST-110,EPIC-17 Production Readiness & Repository,Backup/restore/rollback drill,P0,completed-local-runtime-staging-pending,docs/canonical/v1/delivery/STORIES_MASTER.md
V1-ST-111,EPIC-17 Production Readiness & Repository,SBOM + license + dependency + secret/security scans,P0,partial-dependency-secret-sbom-license-pending,docs/canonical/v1/delivery/STORIES_MASTER.md
V1-ST-112,EPIC-17 Production Readiness & Repository,Observabilidade e correlation IDs ponta a ponta,P0,implemented-local-external-collector-pending,docs/canonical/v1/delivery/STORIES_MASTER.md
V1-ST-113,EPIC-17 Production Readiness & Repository,Configurar dev/staging/prod e promoção controlada,P0,implemented-local-remote-ci-pending,docs/canonical/v1/delivery/STORIES_MASTER.md
V1-ST-114,EPIC-18 Activation Decisions,Aprovar e ativar versão jurídica de Data Submission Attestation,P0,planned-production,docs/canonical/v1/delivery/STORIES_MASTER.md
V1-ST-115,EPIC-18 Activation Decisions,Implementar pipeline seguro de upload binário,P0,foundation-implemented-scanner-and-activation-pending,docs/canonical/v1/delivery/STORIES_MASTER.md
V1-ST-116,EPIC-18 Activation Decisions,Fechar metodologia de qualification e thresholds,P0,planned-production,docs/canonical/v1/delivery/STORIES_MASTER.md
V1-ST-117,EPIC-18 Activation Decisions,Fechar provider-plan eligibility,P0,planned-production,docs/canonical/v1/delivery/STORIES_MASTER.md
V1-ST-118,EPIC-18 Activation Decisions,Calibrar confidence engine com empresas piloto,P1,planned-production,docs/canonical/v1/delivery/STORIES_MASTER.md
V1-ST-119,EPIC-18 Activation Decisions,Calibrar applicability setorial/operating traits,P1,planned-production,docs/canonical/v1/delivery/STORIES_MASTER.md
V1-ST-120,EPIC-18 Activation Decisions,Executar spike Minimal vs Pydantic AI Slim,P1,planned-production,docs/canonical/v1/delivery/STORIES_MASTER.md
V1-ST-121,EPIC-18 Activation Decisions,Migrar superfícies restantes para Precision Light V2,P1,planned-production,docs/canonical/v1/delivery/STORIES_MASTER.md
V1-ST-122,EPIC-17 Production Readiness & Repository,Production Readiness Review e release candidate,P0,completed-local-review-production-blocked,docs/canonical/v1/delivery/STORIES_MASTER.md
V1-ST-123,EPIC-17 Production Readiness & Repository,Piloto controlado com rollout/rollback,P0,planned-production,docs/canonical/v1/delivery/STORIES_MASTER.md
